ale;ale@gmail.com;123456
aled;aled@gmail.com;123456
aledp;aledp@gmail.com;123456
linpi;linpi@gmail.com;contrasena
snuh;snuh@gmail.com;deadeadea
chadbo;chadbo@gmail.com;linpilinpi
yoprolezpy;yoprolezpy@gmail.com;holamundo
pruebafinal1;pf1@gmail.com;holahola
moremygoat;moregoat777@fpuna.edu.py	;goat777
